Tweet,TwitterHandle,UserLocation,DateCreated,NumberofRetweets
Painfully slow brain action. https://t.co/vXQ2DvzduD,alexculvin,Liverpool,2017-12-13 11:28:38,0
RT @NoHoesGeorge: when your last two brain cells meet https://t.co/w1OR29wT24,itsmee_eli,I never leave my bed,2017-12-13 11:28:39,0
I just cant watch myself dismantle everything good and wonder what happened. Now i see myself doing it from the bac‚Ä¶ https://t.co/sv4UYmNz9v,PantsAreOff,New York,2017-12-13 11:28:39,0
Literally have not been to sleep yet bc my brain won‚Äôt shut off and I‚Äôm physically not tired I‚Äôve slept a good 30 minutesüò≠üò≠,callmeshelbers,,2017-12-13 11:28:39,0
it‚Äôs almost 4am i‚Äôve never studied this hard in my entire life and i‚Äôm still not even done my brain is fried i‚Äôm re‚Ä¶ https://t.co/mchINZP4Ic,killingbooth,"Costa Mesa, CA",2017-12-13 11:28:41,0
"RT @HuaweiMobile: We surveyed 10,000 people to find out the similarities between the human brain and AI. The results may surprise you‚Ä¶ ",Lookin_Gorgeous,,2017-12-13 11:28:42,0
"Advanced Power Query - The Missing User Manual Finally Here
‚òû https://t.co/wsikOEvXDf

#python https://t.co/5AdEPTMbdq",PythonsTraining,United Kingdom,2017-12-13 11:28:42,0
"Brain has shut off now that most of my assignments are in. Just had a ""did I remember to put a bra on?"" Moment",notcourtneylove,"Dublin City, Ireland",2017-12-13 11:28:43,0
"@LekpahShandii I got off the train and once he was out of sight, my brain sorted itself out.",DamzelinEssex,in my room,2017-12-13 11:28:46,0
"@RealAlexJones @PrisonPlanet Oh, nice try but ultimately wrong. Maybe not enough brain force plus?",the_hyper_cube,,2017-12-13 11:28:46,0
RT @JameelHassan_: Lacrosse is a sport that we need to get more young black boys in.... same skill set as football WAY more scholarshi‚Ä¶ ,aaron_mh_,,2017-12-13 11:28:47,0
"RT @kurteichenwald: ...and the brain drain begins. Top American scientists from Harvard, Princeton etc. receiving research grants by ag‚Ä¶ ",excitedtobhere,"Michigan, USA",2017-12-13 11:28:48,0
"RT @pronemortalform: friend: hey u aight

me: yeah

my brain: https://t.co/6ddGfTXbAY",werone412,Ïû°Îã§Ìïú ÎçïÏßà ,2017-12-13 11:28:50,0
"RT @ugsadkid: me: i'm really anxious about this thing :(

my brain: hey don't be, if it doesn't work out you can always die :)

me: i... th‚Ä¶",mindsweepx,"birmingam, uk",2017-12-13 11:28:51,0
"RT @DolamaRey: Walking to the final exams, prepared, memorized every page, know the history of every disease to the dark ages, bra‚Ä¶ ",AlaaJrab,221B Baker St.,2017-12-13 11:28:51,0
"RT @iamamurray: Source: https://t.co/HXrTLoOgyY ; and, a brain https://t.co/9K6ZyVea3X",filippa_back,Sverige,2017-12-13 11:28:52,0
@austbankers I think the haircut must have done something to your brain!,Marvell_Law,,2017-12-13 11:28:53,0
your brain gets smart but your head gets dumb,_allstar_bot_,smash mouth headquarters,2017-12-13 11:28:56,0
Here's Susan Greenfield Crunchbase page https://t.co/lxjT10UH9U #SusanGreenfield #Neuroscience https://t.co/RDAaKQ7rBB,BaronessGreenfi,"London, England",2017-12-13 11:28:56,0
RT @adamjohnsonNYC: West Wingism is a brain disease that has infected our media and political class beyond measure.,scottcriley,"Durham, North Carolina",2017-12-13 11:28:56,0
RT @JameelHassan_: Lacrosse is a sport that we need to get more young black boys in.... same skill set as football WAY more scholarshi‚Ä¶ ,kizzayye,"Georgia, USA",2017-12-13 11:28:56,0
"RT @MirekManelski: ""Action games expand the brain's cognitive abilities, study suggests"" https://t.co/bUMzp2tVUU #science #feedly #gamedev‚Ä¶",Broxigar91,Biar (Alicante),2017-12-13 11:28:57,0
Muriel Spark's appeal is through subliminal channels of the reader's brain. We're not very sure why we find her so‚Ä¶ https://t.co/0Mv3hiBVPD,DrmkcookK,,2017-12-13 11:28:57,0
RT @NoHoesGeorge: when your last two brain cells meet https://t.co/w1OR29wT24,CatherineTestan,,2017-12-13 11:28:57,0
Imagine if lactulose trapping ammonia in the gut could prevent urea build up in the brain and stop dementia. ü§ûü§û https://t.co/yy8wn5AYdD,LouSheffield,"Wigan, UK",2017-12-13 11:28:57,0
"RT @Itsgirlstyles: Definition of beauty with brain, Emma Watson üíò https://t.co/fGXA3cS9lG",Prettyreporter,Bangkok Entertainment ,2017-12-13 11:28:58,0
"RT @sadgirlkms: me: wow i sure am hungry but idk what to eat

brain: just fuckin eat nothing 

me: understandable have a good day",loupenhaligan,chili town,2017-12-13 11:28:59,0
"bitch i know that i want to punch him for not saying no,, the fck did you just attack me?? https://t.co/hhCyGtNo8J",fleetwoodmax,,2017-12-13 11:29:01,0
RT @DavidPapp: Virtualenv and venv: Python virtual environments explained https://t.co/uvOhP64AIm,mx6menot8u,"Cold spring, MN",2017-12-13 11:29:01,0
Maybe if I put a wheat bag on my brain it'll work,markh110,"Melbourne, Australia",2017-12-13 11:29:02,0
"@thistallawkgirl I lost brain cells watching this, thanks a lot!",Leo_Ibanez,"Miami, FL",2017-12-13 11:29:03,0
@sunlitae That song stuck in my brain all night long. Even in the class,Laylxzua,"Perak, Malaysia",2017-12-13 11:29:04,0
[schizo] Aging of the body and the brain in schizophrenia. https://t.co/k71ev4FIb3,lp_mypapers,,2017-12-13 11:29:07,0
New Artificial Synapse Bridges the Gap to Brain-Like Computers https://t.co/5xOZWNFqr1,Gadget_Koala,,2017-12-13 11:29:08,0
"Python GUI and Gaming 101 with Tkinter
‚òû https://t.co/ULn7j0swaO
#DataScience #BigData
Hy5P1cZDAb https://t.co/VRFp2weUiy",DataScience_fan,United States,2017-12-13 11:29:09,0
"The Complete Ethical Hacking Course 2.0: Python &amp; Kali Linux
‚òû https://t.co/eL4Lq91kfB
#linux #windows #server 
rk4‚Ä¶ https://t.co/jrBL6dEUss",Operating_St,United States,2017-12-13 11:29:09,0
@LeppardLove21 @moonkings_fanpg Ok well you better rest that  brain over the holidaysüí•üí•üí•üí•üí•ü§óü§óü§óü§óü§óü§óü§ó‚ù§Ô∏è‚ù§Ô∏è‚ù§Ô∏è‚ù§Ô∏è‚ù§Ô∏è,Carolin94145198,NashvilleÔøº,2017-12-13 11:29:10,0
"Redux ‚Äì End to End
‚òû https://t.co/S6li278GMG
#python #Bigdata #django

H1dYSd_RW https://t.co/kSoGjYfZOz",Python__Program,Canada,2017-12-13 11:29:10,0
"You know how there are headsets that make you hear things by sending vibrations to your bones?
Like, can't there be‚Ä¶ https://t.co/gG7E5Qxmc3",unIDedTypingObj,A Trash Heap or Box Near You,2017-12-13 11:29:12,0
"@python NowTime: 2017/12/13 20:29:12.7876
TweetCount: 2065",nfz6,,2017-12-13 11:29:12,0
RT @NoHoesGeorge: when your last two brain cells meet https://t.co/w1OR29wT24,mariamhates,blm,2017-12-13 11:29:12,0
RT @NoHoesGeorge: when your last two brain cells meet https://t.co/w1OR29wT24,peconte,Amadora,2017-12-13 11:29:14,0
RT @classifiedfact: Daydreaming is good for your brain.,aliyyahanani,,2017-12-13 11:29:17,0
"RT @tigress_preety: My favorite feeling's 
When someone
Does something &amp;
Your immediate thought's
‚ÄúI love You‚Äù
Like it could be somethi‚Ä¶ ",Reet671,,2017-12-13 11:29:17,0
@lurie_john Now I have the theme from The A Team in my head because that‚Äôs what brain decided to do.,NickSakes,"Kingston, NY",2017-12-13 11:29:17,0
"RT @tigress_preety: My favorite feeling's 
When someone
Does something &amp;
Your immediate thought's
‚ÄúI love You‚Äù
Like it could be somethi‚Ä¶ ",soap1983,"London, England",2017-12-13 11:29:17,0
"RT @tigress_preety: My favorite feeling's 
When someone
Does something &amp;
Your immediate thought's
‚ÄúI love You‚Äù
Like it could be somethi‚Ä¶ ",Jsfc20,,2017-12-13 11:29:17,0
"RT @tigress_preety: My favorite feeling's 
When someone
Does something &amp;
Your immediate thought's
‚ÄúI love You‚Äù
Like it could be somethi‚Ä¶ ",Jsfc15,,2017-12-13 11:29:18,0
"RT @BIowingUpMinds: After you die, it is believed that you have 7 minutes of brain activity left inside you, and in the 7 minutes you e‚Ä¶ ",Meagan_Gibbons9,"alvarado, tx",2017-12-13 11:29:18,0
"RT @ugsadkid: me: i'm really anxious about this thing :(

my brain: hey don't be, if it doesn't work out you can always die :)

me: i... th‚Ä¶",earthhrrystyles,yelling in the void - she/they,2017-12-13 11:29:18,0
Oz Cop Waits For Giant Python To Cross Road. Big NOPE From Internet https://t.co/VB7TKnZfX4,NewsStoryIndia,India,2017-12-13 11:29:18,0
"RT @tigress_preety: My favorite feeling's 
When someone
Does something &amp;
Your immediate thought's
‚ÄúI love You‚Äù
Like it could be somethi‚Ä¶ ",Jsfc17,,2017-12-13 11:29:18,0
"RT @tigress_preety: My favorite feeling's 
When someone
Does something &amp;
Your immediate thought's
‚ÄúI love You‚Äù
Like it could be somethi‚Ä¶ ",JSfc18,,2017-12-13 11:29:18,0
"RT @tigress_preety: My favorite feeling's 
When someone
Does something &amp;
Your immediate thought's
‚ÄúI love You‚Äù
Like it could be somethi‚Ä¶ ",Jsfc19,,2017-12-13 11:29:18,0
RT @IlMolinoUK: The benefits of #EVOO. For your organic extra virgin olive oil visit us on #cammsmarket this Friday and Sunday. https://t.c‚Ä¶,IlMolinoUK,"Cambridge, UK",2017-12-13 11:29:18,0
MC CAIN IS A REAL PIECE OF WORK.  I WOULD:NT TRUST HIM  WITH ANY GOVERNMENT FUNCTION HE IS THE KING OF THE RINO;S A‚Ä¶ https://t.co/Qio7zICmsS,BILLMCK18996254,,2017-12-13 11:29:19,0
RT @Qb9Adam: And can be. Doesn't lack the talent or the brain. https://t.co/wKtkwXtc1e,ScottYo76298379,"Florence, KY",2017-12-13 11:29:21,0
RT @JameelHassan_: Lacrosse is a sport that we need to get more young black boys in.... same skill set as football WAY more scholarshi‚Ä¶ ,Bajan_Sayy,"Boston, MA",2017-12-13 11:29:21,0
"Ur car Na tokunbo, ur cloth Na Acube, ur phone Na London used,  &amp; u want ur gf as a virgin. Bros I sure say ur brain sef Na follow come..",Bmybor,"Oyo, Nigeria ",2017-12-13 11:29:22,0
RT @JameelHassan_: Lacrosse is a sport that we need to get more young black boys in.... same skill set as football WAY more scholarshi‚Ä¶ ,LitheFaerie,Florida,2017-12-13 11:29:22,0
RT @ML_toparticles: What are the parallels between the human brain and artificial intelligence? https://t.co/pVdRxkWPq4 https://t.co/Y5nsvR‚Ä¶,ceg__,,2017-12-13 11:29:23,0
@frenchybhoy @Leighgriff09 I don‚Äôt even think brain dead morons would read it m8 üòÅ,incognito1955,,2017-12-13 11:29:23,0
RT @NoHoesGeorge: when your last two brain cells meet https://t.co/w1OR29wT24,xiaraaa,Rice Fields ,2017-12-13 11:29:23,0
RT @JameelHassan_: Lacrosse is a sport that we need to get more young black boys in.... same skill set as football WAY more scholarshi‚Ä¶ ,Cori_Donese,,2017-12-13 11:29:23,0
"Computer Programming For Beginners Learn Python Programming
‚òû https://t.co/BJspA7HF32

#Bigdata #hadoop #python‚Ä¶ https://t.co/sAy8w1ek2u",Big_Data_4Y,"Paris, France",2017-12-13 11:29:23,0
"RT @OpTic_Scumper: Ardennes Forest SnD loads up

My brain: https://t.co/lmgs5wQDJd",PyroMusicUK,London,2017-12-13 11:29:24,0
You don't even have to like me. I'm just on Earth visiting. Doing my best seeing how life goes. Tons of sinners'&amp;fa‚Ä¶ https://t.co/cJiliCCAwj,trigomeister,"Minneapolis, MN",2017-12-13 11:29:24,0
"Stomach: Carbs for lunch. All the carbs, please
Brain: omg you haven‚Äôt eaten any fruit or veg since Sunday, you‚Äôre going to kill us all",ldlapinski,"Notts, UK",2017-12-13 11:29:28,0
"RT @MorphMarket: SCALELESS Pastel Blade PH Clown Female Ball Python by Exotics by Nature Co., $30000 #snakes #pet #reptiles #herp‚Ä¶ ",BallPython1207,,2017-12-13 11:29:30,0
RT @JameelHassan_: Lacrosse is a sport that we need to get more young black boys in.... same skill set as football WAY more scholarshi‚Ä¶ ,ThaChosenOne05,,2017-12-13 11:29:32,0
Today we host a workshop on language processing research using fMRI as part of our Neuroscience Theme @UniRdg_CeLM‚Ä¶ https://t.co/bKn6IpUatb,UniRdg_CeLM,,2017-12-13 11:29:33,0
RT @JameelHassan_: Lacrosse is a sport that we need to get more young black boys in.... same skill set as football WAY more scholarshi‚Ä¶ ,FevGhile,VA,2017-12-13 11:29:34,0
Can we all the brain dissection was frozen in,FratcherBot,The Internet,2017-12-13 11:29:34,0
Just because ur Pandit with no brain. Modi ji playing with u for Kashmir pandit rehabilitation. https://t.co/t1bDcEkQh2,Made_InDelhi,"Delhi, India",2017-12-13 11:29:34,0
RT @seouft: my last brain cell on a test https://t.co/99uiQQyv2q,psjksj09,,2017-12-13 11:29:38,0
"RT @Big_Data_4Y: Computer Programming For Beginners Learn Python Programming
‚òû https://t.co/BJspA7HF32

#Bigdata #hadoop #python‚Ä¶ ",alevergara78,"Santiago, Chile",2017-12-13 11:29:39,0
RT @NoHoesGeorge: when your last two brain cells meet https://t.co/w1OR29wT24,anoudest,,2017-12-13 11:29:40,0
RT @JameelHassan_: Lacrosse is a sport that we need to get more young black boys in.... same skill set as football WAY more scholarshi‚Ä¶ ,ThaChosenOne05,,2017-12-13 11:29:40,0
RT @TJRicks_TSP: Enteric nervous system &gt;&gt;&gt;&gt; regular nervous system. Get familiar with it. People joke about eating their feelings n‚Ä¶ ,DopeChickNeeks,Brooklyn born. ATL living.,2017-12-13 11:29:42,0
Music is so influential on the brain that the type you listen to actually has the ability to change the way you think and look at the world,Mariiem_mustafa,,2017-12-13 11:29:42,0
RT @SheriNotCheri: Homie legit froze. Like an old windows PC. Blue screen of death written all over his face. His brain went CTRL - AL‚Ä¶ ,Tyzuto,New Columbia,2017-12-13 11:29:42,0
RT @NoHoesGeorge: when your last two brain cells meet https://t.co/w1OR29wT24,Broody_Allan,,2017-12-13 11:29:44,0
"Dr. Zafar Mueen Nasir, Vice Chancellor, University of The Punjab, chairing the session ""Brain and Brawn for Change:‚Ä¶ https://t.co/Ho2j9D6QPe",Mhmmd_Adnan,"Islamabad, Pakistan",2017-12-13 11:29:45,0
RT @nicoleorra: High key have realised that if you‚Äôre not that great academically then you‚Äôre brilliant socially and can work out t‚Ä¶ ,neelamsurelia,~(¬∞‚Ä¢¬∞~) ~(‚Ä¢¬∞‚Ä¢)~ (~¬∞‚Ä¢¬∞)~,2017-12-13 11:29:46,0
"The Ultimate Python Programming Tutorial
‚òû https://t.co/7tjhUYW8Kl
#DataScience #BigData
B1UggZD0- https://t.co/upTlB0io5H",Data_Science_TV,United States,2017-12-13 11:29:46,0
"RT @Data_Science_TV: The Ultimate Python Programming Tutorial
‚òû https://t.co/7tjhUYW8Kl
#DataScience #BigData
B1UggZD0- https://t.co/upTlB0‚Ä¶",akdm_bot,United States,2017-12-13 11:29:47,0
RT @GeorgiaDirtRoad: This was not Steve Bannon‚Äôs fault. This was the GOP Establishment‚Äôs fault who is hell bent on destroying their own‚Ä¶ ,saminhim,LEE'S SUMMIT MO,2017-12-13 11:29:47,0
RT @chriskresser: Spending too much time on a smartphone may change the way the brain‚Äôs GABA and GLx neurotransmitters work. Could th‚Ä¶ ,Jason_Guti,"Asheville, NC",2017-12-13 11:29:47,0
"don't judge people by their apperance,judge them by their brain.",Fahri_Gunawan23,Error 404 Not Found,2017-12-13 11:29:48,0
RT @MindBIowinFactz: Do You Have a Male or Female Brain? https://t.co/UUQT4C7ZVR,evieeviiee,,2017-12-13 11:29:48,0
"RT @BTS_memes_101: Friend: what are you smiling about?
Me: nothing...
My brain: https://t.co/AGnc91M4As",ukiesaite,"Seoul, Republic of Korea",2017-12-13 11:29:48,0
My brain has too many tabs open.!! üòûüòû,_dnnsnnz,,2017-12-13 11:29:49,0
His brain went into reboot during an interview üôàüòÇ https://t.co/voBm4SswAp,danbrown1507,Exeter,2017-12-13 11:29:50,0
RT @NoHoesGeorge: when your last two brain cells meet https://t.co/w1OR29wT24,Kammmyyy1,"Arlington, VA",2017-12-13 11:29:50,0
Finished loving @DarkNetflix on @NetflixUK and need the second series now please! (though I suppose series 2 alread‚Ä¶ https://t.co/Md7Y4X85qB,KayWoodsReally,United Kingdom,2017-12-13 11:29:50,0
"@derrickbranford @EdLatimore What does hard work to do with life-threatening environments or conditions?

One of my‚Ä¶ https://t.co/A5AN27gche",dareandconquer,üëáLearn from meüëá,2017-12-13 11:29:51,0
RT @JameelHassan_: Lacrosse is a sport that we need to get more young black boys in.... same skill set as football WAY more scholarshi‚Ä¶ ,xolaurynnn,,2017-12-13 11:29:51,0
RT @GeorgiaDirtRoad: This was not Steve Bannon‚Äôs fault. This was the GOP Establishment‚Äôs fault who is hell bent on destroying their own‚Ä¶ ,eeyore886,"Strongsville, OH",2017-12-13 11:29:51,0
"RT @ugsadkid: me: i'm really anxious about this thing :(

my brain: hey don't be, if it doesn't work out you can always die :)

me: i... th‚Ä¶",hoyitskrystal,Êó•Êú¨ ‚áí CA,2017-12-13 11:29:52,0
"RT @yusufyuie: Your girl: Ugh i swear you don't even be listening!

Your brain while she talking: https://t.co/otAEPyl3fg",ReallyDGAFF,Valdosta State University,2017-12-13 11:29:52,0
"RT @CainDraka: i must make more sneks
(a hognose, an arabian sand boa, and a ball python) https://t.co/h67TyJufl4",gummuffin,"6969coolstreet, weedsport",2017-12-13 11:29:52,0
RT @piersmorgan: I can do it in one second: ‚ÄòUnwatchable‚Äô. https://t.co/jp3c1k4Pfz,AllTTV2015,"Redondo Beach, CA",2017-12-13 11:29:52,0
"https://t.co/MBQzBe1AGh
US Democracy Has Always Been A Work In Progress Hence The 14th,15th &amp; 16th Amendment 2The C‚Ä¶ https://t.co/BqIIiX4ZZW",Hipro_formance,"Washington, DC",2017-12-13 11:29:53,0
Building A Virtual Assistant For Raspberry Pi: The Practical Guide For Constructi  https://t.co/hzaIAUJeXY #python #programming #pythonbot_,pythonbot_,,2017-12-13 11:29:54,0
"RT @kurteichenwald: If this tax bill is not stopped, it will be the end of the American era. Public education crushed, brain drain of a‚Ä¶ ",bobbiejaneV,NY,2017-12-13 11:29:56,0
#Neurology 954 Dr. David Perlmutter Shifts The Attention To Gut Health In Brain Maker. [https://t.co/2yI1dhxTtm] #Brain,DoctorNeural,Global,2017-12-13 11:29:58,0
"RT @jordynn_mcguire: ma dreams r so fucked up, honestly dunno how ma brain even manages to come up w half that shit ü§Ø",simone_breen,"Glenrothes, Scotland",2017-12-13 11:29:59,0
RT @Lmao: i WiLL LITERALLY GET ANXIETY BC OF IMAGINARY SCENARIOS I MADE UP IN MY HEAD THAT WON'T HAPPEN AND THEN GET ANXIETY‚Ä¶ ,BicherBomh,,2017-12-13 11:30:00,0
"RT @AceofSpadesHQ: Remember if the Non-Binary Brain Trust had its way, we'd be at the end of Year One of Hillary Clinton's presidency.‚Ä¶ ",robpublican,SPQR,2017-12-13 11:30:00,0
"Smiling, even in a bad mood, can immediately improve your mood because these muscles are enough to trigger happy chemicals in the brain.",itzwikipedia,,2017-12-13 11:30:00,0
"According to recent studies, #xenon should not only protect the #brain from damage, but also the #heart. The substa‚Ä¶ https://t.co/APPwdnmOsO",MEDICATradeFair,"D√ºsseldorf, Germany",2017-12-13 11:30:00,0
@ys_17xx Some niggas just aint got a brain,camshark222,,2017-12-13 11:30:01,0
Music can repair brain damage and returns lost memories.,engrossingfacts,,2017-12-13 11:30:01,0
"17 Best #ArtificialIntelligence Courses To Standout in The Future

https://t.co/nL1PCUgc8B

#AI #DataScientist‚Ä¶ https://t.co/HPWTLSsgC8",ahmedjr_16,,2017-12-13 11:30:01,0
"Up to 95% off all #Udemy online courses, inc. #python courses: https://t.co/cpdsimooYO",BestCourses_,"Nevada, USA",2017-12-13 11:30:03,0
@EdKrassen @IRdotnet @realDonaldTrump 25 liberal seats up for grabs in 2018 let's see who the loser's are. Get the‚Ä¶ https://t.co/kywWYRGfLp,DonnyGwapo,"Michigan, USA",2017-12-13 11:30:03,0
"RT @yellawolf_: You‚Äôre a fool, who the fuck are u when someone wan speak with u on phone he has to pay 30k? U be Beyonc√© ? You‚Äôre a‚Ä¶ ",aminusumar," ‚Ä¢Kano, Nigeria‚Ä¢",2017-12-13 11:30:04,0
"RT @ugsadkid: me: i'm really anxious about this thing :(

my brain: hey don't be, if it doesn't work out you can always die :)

me: i... th‚Ä¶",or_dxnt,he/him please,2017-12-13 11:30:05,0
RT @NoHoesGeorge: when your last two brain cells meet https://t.co/w1OR29wT24,revengesma,,2017-12-13 11:30:06,0
RT @inspirestagram: Before talking: Please connect the tongue to the brain.,BEAtiful66666,Road 16 Sta.Ana Manila,2017-12-13 11:30:06,0
"RT @sadgirlkms: me: wow i sure am hungry but idk what to eat

brain: just fuckin eat nothing 

me: understandable have a good day",_sameenas,sydney riot squad,2017-12-13 11:30:06,0
"RT @BIowingUpMinds: After you die, it is believed that you have 7 minutes of brain activity left inside you, and in the 7 minutes you e‚Ä¶ ",SheWantsTheVic,"Atlanta, GA",2017-12-13 11:30:06,0
Mike Driscoll: Flask 101: How to Add a Search Form https://t.co/dXZO9dKGHe #python,ericcire,In a greenhouse,2017-12-13 11:30:07,0
@kennethkalmer :D it‚Äôs just such a different feedback loop. You can offload so much onto the compiler and not have‚Ä¶ https://t.co/fUK66cmz70,bflyblue,"Johannesburg, South Africa",2017-12-13 11:30:07,0
"Altered Traits: Science Reveals How Meditation Changes Your Mind, Brain, and Body. By Goleman and Davidson https://t.co/JtzpUTfrD1",JakeHargisBooks,,2017-12-13 11:30:07,0
"Wingware News: Wing Python IDE 6.0.9: December 13, 2017 https://t.co/RodEUttecI #python",ericcire,In a greenhouse,2017-12-13 11:30:07,0
The Jetsons (Main Title) - William Hanna &amp; Joseph Barbera &amp; Hoyt S Curtin - Scrape It Off the Bottom of Your Brain.‚Ä¶ https://t.co/ZhZMcQstAt,wholesomeradio,Chicago,2017-12-13 11:30:08,0
Python Anywhere: Introducing the beta for always-on tasks https://t.co/VJgigrEjGB #python,ericcire,In a greenhouse,2017-12-13 11:30:08,0
RT @GeorgiaDirtRoad: This was not Steve Bannon‚Äôs fault. This was the GOP Establishment‚Äôs fault who is hell bent on destroying their own‚Ä¶ ,MichelleRMed,United States,2017-12-13 11:30:09,0
"RT @MSUK6: #MSnews: Time of day affects severity of #autoimmune #disease 
https://t.co/alBL91W2QQ
#MS #MultipleSclerosis‚Ä¶ ",Squiffy2,Somewhere over the rainbow,2017-12-13 11:30:10,0
RT @WallisEates: Love a blurry page of thumbnails! Work-in-progress for 'Like an Orange' - collaboration comic with brain injury sur‚Ä¶ ,StreathamComics,Streatham,2017-12-13 11:30:11,0
"RT @BIowingUpMinds: After you die, it is believed that you have 7 minutes of brain activity left inside you, and in the 7 minutes you e‚Ä¶ ",_kayyyy8,"Lake Jackson, TX",2017-12-13 11:30:13,0
"RT @snickerbuttania: I‚Äôm pretty sure since she‚Äôs older, less brainwashed and been around in the world a lot more than you, she has a bet‚Ä¶ ",rbhutch1966,"Vermont, USA ",2017-12-13 11:30:13,0
RT @SoDamnTrue: i WiLL LITERALLY GET ANXIETY BC OF IMAGINARY SCENARIOS I MADE UP IN MY HEAD THAT WON'T HAPPEN AND THEN GET ANXIETY‚Ä¶ ,marindabcde,"Kediri, Jawa Timur",2017-12-13 11:30:14,0
"RT @MalcolmLerider: Strongly recommend C#, Java, Python and JavaScript developers to look into the NEO competition with USD 490.000 in‚Ä¶ ",Bitcoinbenelux1,,2017-12-13 11:30:14,0
RT @zachht1: My last three brain cells on their way to ace my finals for me https://t.co/1w7LPU1AyF,sabrinahaliee,Sfasu,2017-12-13 11:30:14,0
Does Marriage Help Preserve Your Brain? https://t.co/Sf2bB7683f,NoraApothecary,,2017-12-13 11:30:16,0
"RT @ArtTherapyOrg: Check out our latest video on the intersection of #ArtTherapy and #neuroscience, feat. @davegussak of @FSUArt4Life.‚Ä¶ ",davegussak,Florida State Univ,2017-12-13 11:30:16,0
@cscdad1 @realDonaldTrump Look what ten cans of Diet Coke a day does to a person‚Äôs brain. Shocking,MarcAround,,2017-12-13 11:30:16,0
"OUT NOW ‚ùóÔ∏è BRAIN DEAD )) DROP 7

SHOP HERE ‚û°Ô∏è‚û°Ô∏è‚û°Ô∏è https://t.co/UaHIalirj4 https://t.co/pjjh9QfQiR",1st_OG,Niederdorfstrasse 10 - Zurich ,2017-12-13 11:30:13,0
"Lmao, bro your head dey dia. https://t.co/PBfPEk2Wzt",Mr_Myusuf_,Nigeria,2017-12-13 11:30:17,0
"@watchout4dragon Nah i get you I just wish I could?

I like engaging people and making them feel they can reply to‚Ä¶ https://t.co/hI9MlnY4oh",kclt10,New Zealand,2017-12-13 11:30:17,0
"RT @Jason_Bugatti: Dame Dash, for me, is more of a visionary than Jay-Z..he's the brain behind the powers that be..guys like that are‚Ä¶ ",XtasyMong,"Luanda, Mong Block",2017-12-13 11:30:18,0
"@tjgjchm @ChrisRBarron @DonaldJTrumpJr @CNN Even if allegations true (big if), there is a difference between making‚Ä¶ https://t.co/UjdgdJilEn",DavidKrancer,"Kemmerer, WY",2017-12-13 11:30:19,0
"Bayesian Machine Learning in Python: A/B Testing
‚òû https://t.co/HKsOYNfyHW

#python https://t.co/jL7uPx78j5",Python_Devs,United States,2017-12-13 11:30:19,0
"Once upon a time, Python the bug-fixing programming language left her home. Python went home.",Jeffrey_MacAsk,,2017-12-13 11:30:19,0
RT @NoHoesGeorge: when your last two brain cells meet https://t.co/w1OR29wT24,MalikRadioRahim,,2017-12-13 11:30:19,0
RT @esther_muuka: All the time üòÇüòÇüòÇ https://t.co/CFgs4oiky1,JMokha_,,2017-12-13 11:30:20,0
@AshWrites I‚Äôm in school and learning nothing rn. My brain is asleep and mad at me for year long sleep deprivation.‚Ä¶ https://t.co/7N2FpUvvsz,wildmoonchildz,Mars,2017-12-13 11:30:22,0
"RT @NewWorldHominin: ""The film presents evidence that most children with gender dysphoria eventually overcome the feelings without trans‚Ä¶ ",DCTFTW,,2017-12-13 11:30:23,0
"@python NowTime: 2017/12/13 20:30:23.4809
TweetCount: 2067",nfz6,,2017-12-13 11:30:23,0
What Donkey Kong can tell us about how to study the brain - https://t.co/Q5f2ZpoPkA #teachers #k12 #Magnilearn‚Ä¶ https://t.co/sJ4bz6XJNz,thekindleader,"Indiana, USA",2017-12-13 11:30:24,0
RT @NoHoesGeorge: when your last two brain cells meet https://t.co/w1OR29wT24,snoaxhoes,"Miami Beach, FL",2017-12-13 11:30:30,0
"RT @trojansauce: ME: remember there are acceptable behaviours here
STUDIO AUDIENCE THAT LIVE IN MY BRAIN: CROSS! THAT! LINE!",CyrusOMerican,O'Merica,2017-12-13 11:30:30,0
"ISIS and @TRobinsonNewEra are equally bad terrorists 

https://t.co/XdRJgIGM0s",RussianMemeUSSR,"Texas, USA",2017-12-13 11:30:30,0
"Handmade Full Grain Leather Backpack, Vintage Backpack, College Backpack https://t.co/05jv2LbkDc",jellybeangoril1,Wales,2017-12-13 11:30:31,0
like hows your brain works?üòÖüòÖ,devilishrye,"Selangor, Malaysia",2017-12-13 11:30:31,0
"#Spectrum My #InternetSpeed :
Ping: 29.888 ms
Download: 58.93 Mbit/s
Upload: 5.05 Mbit/s
#automagic #python #corporateaccountability",BeardySmeardy,"Newtown, CT",2017-12-13 11:30:32,0
"Regular brain: move things in London to Manchester
Cosmic brain: wipe Manchester off the map for being shite",jmsclee,,2017-12-13 11:30:33,0
"Brain and Brawn for Change: Academic Diaspora, Migration and Remittances. https://t.co/blZtpXuo2y",Haidar_Yousfzai,Pakistan,2017-12-13 11:30:33,0
"RT @BIowingUpMinds: After you die, it is believed that you have 7 minutes of brain activity left inside you, and in the 7 minutes you e‚Ä¶ ",aliza_gonzalez,,2017-12-13 11:30:33,0
@StarkillerSW @WalkrStalkrCon To know higher education so you resort to insults rather than forming a concrete thou‚Ä¶ https://t.co/POsobmzNmJ,bigraff21,DeLand Florida,2017-12-13 11:30:34,0
"Introduction to Computer Vision | Master OpenCV in Python
‚òû https://t.co/MCkVTiO9I4
#python #developers‚Ä¶ https://t.co/8xxsRrQ0VP",python_Dve,United States,2017-12-13 11:30:38,0
"@MarkLabbett Keeps my ole brain ticking chap, luv the chase",DonaghRoy,,2017-12-13 11:30:39,0
RT @NoHoesGeorge: when your last two brain cells meet https://t.co/w1OR29wT24,HCalderasC,"Amsterdam, The Netherlands",2017-12-13 11:30:39,0
RT @JameelHassan_: Lacrosse is a sport that we need to get more young black boys in.... same skill set as football WAY more scholarshi‚Ä¶ ,Gardell14,Florida boy üå¥,2017-12-13 11:30:39,0
"RT @ChadPergram: Senate Armed Services hrng today on research, diagnosis, and treatment for traumatic brain injury/concussion in service me‚Ä¶",R98250729,,2017-12-13 11:30:39,0
"RT @itzwikipedia: Smiling, even in a bad mood, can immediately improve your mood because these muscles are enough to trigger happy chemical‚Ä¶",liza_mclenaghan,"Bacoor, Calabarzon",2017-12-13 11:30:41,0
RT @JameelHassan_: Lacrosse is a sport that we need to get more young black boys in.... same skill set as football WAY more scholarshi‚Ä¶ ,victoria2pearl,Bleeding Scarlet & Gray,2017-12-13 11:30:41,0
"RT @BIowingUpMinds: After you die, it is believed that you have 7 minutes of brain activity left inside you, and in the 7 minutes you e‚Ä¶ ",AstuantaNiang,,2017-12-13 11:30:41,0
"@Oj_Steph370 @9ja_canadian First its =. His not is.

And second = in IG in is ?? Nigga seriously easy with the IN üòÇ‚Ä¶ https://t.co/zaTIMpXTqd",M14Mzz,Surulere,2017-12-13 11:30:43,0
This broken sleep isn‚Äôt replenishing my brain enoughüò£,lilicheese,coachella,2017-12-13 11:30:45,0
"RT @cindyrelish: So many victims.. so little memory. His brain is all smooshy. He remembers, nonetheless. His convenient ‚Äúforgotabou‚Ä¶ ",mom49of3,,2017-12-13 11:30:45,0
"RT @itzwikipedia: Smiling, even in a bad mood, can immediately improve your mood because these muscles are enough to trigger happy chemical‚Ä¶",MegeniseL,"Manila, Philippines",2017-12-13 11:30:45,0
Money Brain: Bitcoin is still a good bet as long as greater fools are buying https://t.co/8wpUHjKffj https://t.co/vRSrXPz7CU,nikl_app,"London,",2017-12-13 11:30:46,0
"I mean, with a political brain like this, the GOP is sure to win every race now! https://t.co/YISryAgKsd",jpodhoretz,,2017-12-13 11:30:46,0
"@unIDedTypingObj I am not sure I want a headset that zaps my brain, I'm pretty sure I've seen science fiction movie‚Ä¶ https://t.co/IQMOHbPADa",orinoxide,"Vallis Tamesis, Sol b",2017-12-13 11:30:46,0
Your brain is more MALE! https://t.co/VMUCiKQfgd via @Magiquiz,jendra_aji,Indonesia,2017-12-13 11:30:47,0
"[Hiring] üîµ **Python Developer** (Data Science team) - Berlin, Germany, ONSITE https://t.co/o9iTxCpfAA #BigData 

Th‚Ä¶ https://t.co/q6ISQDKbQU",programmingncr,"Gurgaon, Haryana, India",2017-12-13 11:30:47,0
"RT @BIowingUpMinds: After you die, it is believed that you have 7 minutes of brain activity left inside you, and in the 7 minutes you e‚Ä¶ ",LonDawggg,The QC ‚úàÔ∏è Duh P,2017-12-13 11:30:47,0
"RT @BIowingUpMinds: After you die, it is believed that you have 7 minutes of brain activity left inside you, and in the 7 minutes you e‚Ä¶ ",ejlouis_27,"Mililani Town, HI",2017-12-13 11:30:47,0
RT @NoHoesGeorge: when your last two brain cells meet https://t.co/w1OR29wT24,admyani,Singapore,2017-12-13 11:30:47,0
"Good advice for all #traders #daytraders 

good sleep = good trading results 

The brain is our greatest asset as a‚Ä¶ https://t.co/mngJbPMcto",Trader_Aadil,"Manchester, England",2017-12-13 11:30:48,0
@runroblarun @LiamSymington @Mo_Farah @Daley_thompson @UKRunChat @runnersworlduk @MoDoorbell Oh lord. You're clearl‚Ä¶ https://t.co/CLzlXcN6qm,Ted10424799,Ireland,2017-12-13 11:30:48,0
"RT @Lmao: Exam: Name ____________
My brain: https://t.co/IsdA89L3rA",livinhaarangel,,2017-12-13 11:30:48,0
Man that looks like joint of ham also has brain of joint of ham https://t.co/64GY9D5bKU,_ceetop,london,2017-12-13 11:30:48,0
o_O No wonder that guy looks so exhausted given all the brain yoga he does all day to justify his delusions https://t.co/JLtlLuft6t,HomoCarnula,somewhere... out there...,2017-12-13 11:30:49,0
RT @hellhorror: RT @IndieAuthorNews: New Indie Book Release: Brain Damage (by J A St Thomas @jas0603) &gt; https://t.co/8p2PzsTA2f &lt; 5‚Ä¶ ,isaacrthorne,"Franklin, TN",2017-12-13 11:30:49,0
"RT @Super_Shamae: my heart says ""let's give it a try"" but my brain says ""don't repeat the same mistake twice"". I'm sorry I have to fo‚Ä¶ ",anadorablepanda,waiting for my spaceship,2017-12-13 11:30:50,0
Money Brain: Enjoy bitcoin while you can https://t.co/kKmydMF76V https://t.co/QYpQ8B6Z7r,nikl_app,"London,",2017-12-13 11:30:49,0
RT @AlMonitor: What can the #TurkishArmedForces do to halt its brain drain? @Metin4020 https://t.co/rSknU9tfrN,barinkayaoglu,Sl√™man√Æ / ÿßŸÑÿ≥ŸÑŸäŸÖÿßŸÜŸäÿ©,2017-12-13 11:30:51,0
Fuck this image is just one big Monty Python reference https://t.co/OCTEPZkfgf,Fairy_God_Dildo,Asougi's suspenders,2017-12-13 11:30:51,0
RT @INDIEWASHERE: i WiLL LITERALLY GET ANXIETY BC OF IMAGINARY SCENARIOS I MADE UP IN MY HEAD THAT WON'T HAPPEN AND THEN GET ANXIETY‚Ä¶ ,vpsidedownfinn,,2017-12-13 11:30:53,0
I try to brain somehow i cant. Sorry,damiamillatina,Down to Earth ,2017-12-13 11:30:53,0
RT @engrossingfacts: Music can repair brain damage and returns lost memories.,Onaa_J_John,Past Oz and Near Narnia ,2017-12-13 11:30:53,0
"RT @itzwikipedia: Smiling, even in a bad mood, can immediately improve your mood because these muscles are enough to trigger happy chemical‚Ä¶",Oviyaravv,"Tamil Nadu, ",2017-12-13 11:30:54,0
"RT @Iilfox: me: I should clean my room

my brain: u should die

me: touch√©",21sadbitch,at this private location ,2017-12-13 11:30:56,0
How to Clean Text for Machine Learning with Python https://t.co/Afsjo0p75t,RLEDUTech1,,2017-12-13 11:30:56,0
More NEWS from https://t.co/4mZhIcEIhQ Money Brain: Bitcoin is still a good bet as long as greater fools are buying‚Ä¶ https://t.co/SbxLUO4txn,sureensys,,2017-12-13 11:30:59,0
More NEWS from https://t.co/4mZhIcEIhQ Money Brain: Enjoy bitcoin while you can - Stocks have true investment value‚Ä¶ https://t.co/KMlgmNUzRS,sureensys,,2017-12-13 11:30:59,0
"RT @Newbattleatwar: @kevverage A quite staggering degree of ignorance and lack of intelligence. Mouth to brain ""Hello...hello...is ther‚Ä¶ ",HughDan1956,,2017-12-13 11:30:59,0
"@msalsberg @LiberalChick @JesseCallsPoker people dont realize , these anti depressent/anxiety meds turn your brain‚Ä¶ https://t.co/bMyx3jPvic",JakeLipton22,,2017-12-13 11:31:00,0
mycbond 1.0.0: cbond https://t.co/NcoIXFumIo,pypi_updates2,,2017-12-13 11:31:01,0
rosdistro 0.6.3: A tool to work with rosdistro files https://t.co/cYie4tkATB,pypi_updates2,,2017-12-13 11:31:01,0
RT @joeunhana: Sexual harassment is a serious matter. You don't have a say of what's wrong or right unless you're involved. And yo‚Ä¶ ,AnisHazieqah,,2017-12-13 11:31:02,0
"RT @BIowingUpMinds: After you die, it is believed that you have 7 minutes of brain activity left inside you, and in the 7 minutes you e‚Ä¶ ",Skylarjayy16,"Houston, TX",2017-12-13 11:31:02,0
RT @StayYoungMedia: Do you have Road Rage? You may have a parasite in your brain! https://t.co/4h2Iak9QFH #RoadRage #Brain #Health #Parasite,cemebritygoss09,"Springfield, Massachusetts",2017-12-13 11:31:05,0
"You know how many people are murdered by abortion every year?

Maybe one of them was the person who would have been‚Ä¶ https://t.co/6yqEpbKeP5",aeilflaed,Earth,2017-12-13 11:31:05,0
Big Blue i - Hooded Fang - Scrape It Off the Bottom of Your Brain. https://t.co/gplMv0n8Vu #music  #wholesome,wholesomeradio,Chicago,2017-12-13 11:31:05,0
"RT @itzwikipedia: Smiling, even in a bad mood, can immediately improve your mood because these muscles are enough to trigger happy chemical‚Ä¶",_sablove_,,2017-12-13 11:31:01,0
RT @BoxingKingdom14: Keep Erik Skoglund in your thoughts and prayers. Over the coming days Doctors will awake him from his coma. Sanna N‚Ä¶ ,Gerita956,,2017-12-13 11:31:07,0
"RT @BIowingUpMinds: After you die, it is believed that you have 7 minutes of brain activity left inside you, and in the 7 minutes you e‚Ä¶ ",DirtyBranch,,2017-12-13 11:31:09,0
RT @Raine4ver: My brain hurts https://t.co/vT2rd0TkiY,Bandit6006,"Covington, Virginia ",2017-12-13 11:31:09,0
RT @SoDamnTrue: i WiLL LITERALLY GET ANXIETY BC OF IMAGINARY SCENARIOS I MADE UP IN MY HEAD THAT WON'T HAPPEN AND THEN GET ANXIETY‚Ä¶ ,shaaniika,"Stockholm, Sweden",2017-12-13 11:31:09,0
"@tjgjchm @ChrisRBarron @DonaldJTrumpJr @CNN Even if allegations true (big if), there is a difference between making‚Ä¶ https://t.co/0sdq4qG077",DavidKrancer,"Kemmerer, WY",2017-12-13 11:31:10,0
@nate_bukaty Royals infielders are willing to be a little reckless with throws trying to make big plays trusting Ho‚Ä¶ https://t.co/UYjASrZYj5,Boring_Orgy,United States,2017-12-13 11:31:12,0
"RT @ugsadkid: me: i'm really anxious about this thing :(

my brain: hey don't be, if it doesn't work out you can always die :)

me: i... th‚Ä¶",flipdar,,2017-12-13 11:31:12,0
RT @Raine4ver: My brain hurts https://t.co/vT2rd0TkiY,calder_elee,Wonderer üë£,2017-12-13 11:31:12,0
@JamMASTA__J Hahahahahaha one of the most perfect moments. I think his brain actually stopped functioning,Jwad1894,C-Port and Athens,2017-12-13 11:31:12,0
RT @laughingbirlem: My name is Bella ThorneüíÅüíï and thisüëå is the story üôá‚Äç‚ôÄÔ∏èüìùüìïof the time I found out I had dyslexiaüëÄü§ìüö´. I rememberü§îüôÑüïë whe‚Ä¶ ,AVERYSBEECH,the zoo| sofa bilem,2017-12-13 11:31:13,0
RT @engrossingfacts: Music can repair brain damage and returns lost memories.,zlopez00,,2017-12-13 11:31:13,0
RT @faa1004: Tbh #BAP_HANDSUP stuck in my head faster than last cbs. Its either my brain improved or ofcourse BAP themselves üòÇüòÇ,bapforeverasone,Singapore,2017-12-13 11:31:13,0
RT @RiRisBFF: Yea i know im not dead cuz this dream weak as hell. https://t.co/eDSYuojOjr,Rozay_CASTILLO,$outh Macon $$$$,2017-12-13 11:31:14,0
"RT @sadgirlkms: me: wow i sure am hungry but idk what to eat

brain: just fuckin eat nothing 

me: understandable have a good day",Sucrencia,Florida.,2017-12-13 11:31:15,0
RT @tinyvocaIist: my last brain cell everytime i pick up a book and say i‚Äôm gonna study https://t.co/zY7LJeqJax,minisugas,toronto my dude,2017-12-13 11:31:15,0
@jetairways Hi. After one year of trying to log into my jet privilege account and dealing with your brain dead cust‚Ä¶ https://t.co/wedU18rbZY,Onehappygoat,,2017-12-13 11:31:16,0
RT @laughingbirlem: letters like b and d and m and w üò≠üò©üî§. Dyslexia üëÄüö´is different üëåfor everyone who has it. For me üôãit makes it harderüò©‚Ä¶ ,AVERYSBEECH,the zoo| sofa bilem,2017-12-13 11:31:17,0
haha why is my brain such a cunt,jeretothemy,the nearest bin,2017-12-13 11:31:17,0
"brain: I‚Äôm bored 
me: I‚Äôm hungry",elishaxcarr,United Kingdom,2017-12-13 11:31:19,0
"Pandas Data Science for Beginners
‚òû https://t.co/lNmQjIhkAu
#node #nodejs #python
H1P76Zu0W https://t.co/OeuWCgKJQZ",nodejs_python,United States,2017-12-13 11:31:20,0
"Small brain: Henry Jekyll

Glowing huge brain: ENJOYING EDWARD HYDE'S EXPLOITS",hyde_ebooks,Parkouring in London,2017-12-13 11:31:20,0
GitHub - gmemstr/Platypus: Large-scale server monitoring application written in Python - https://t.co/NIJw2p7AZh üñ• üì£,JoshuaKhan_007,"England, United Kingdom",2017-12-13 11:31:21,0
Rumor NYCACC murders dogs and cats then sells the meat. Better than pork I guess. https://t.co/0xs4qaRJfY,PVindex,,2017-12-13 11:31:21,0
@muwo because that's how our brain functions. people have that cognitive flexibility. you can do wrong and think yo‚Ä¶ https://t.co/wdDa3QsRws,arriannariff,"Kuching, Sarawak",2017-12-13 11:31:23,0
Great Inaugural lectures translational neuroscience Profs Schiavo &amp; Morris- UCL Institute of Neurology Queen Square https://t.co/QPvAYgdIkv,MikeHanna18,London ,2017-12-13 11:31:23,0
"Geez, Yuu. Really? Do you have any brain cells rattling around in your head at all?",mikahyakuyabot,,2017-12-13 11:31:24,0
RT @NoHoesGeorge: when your last two brain cells meet https://t.co/w1OR29wT24,ivann81_,,2017-12-13 11:31:24,0
RT @engrossingfacts: Music can repair brain damage and returns lost memories.,florenceusun8,"Kuala Lumpur, Wilayah Persekut",2017-12-13 11:31:27,0
"NO! we dont trudeau we al stnd against islam and what it stands for,islam was and is someones brain fart",thunder171001,,2017-12-13 11:31:27,0
"RT @BIowingUpMinds: After you die, it is believed that you have 7 minutes of brain activity left inside you, and in the 7 minutes you e‚Ä¶ ",shaybearz,,2017-12-13 11:31:28,0
@mellinger Royals infielders are willing to be a little reckless with throws trying to make big plays trusting Hosm‚Ä¶ https://t.co/SYHeJalvvn,Boring_Orgy,United States,2017-12-13 11:31:28,0
I remember the part when patrick jump from higher place n lost his brain but he found other brain that very smart https://t.co/PaNJWQ0Qb4,SyafiraAfiza,"Pasir Puteh, Kelantan",2017-12-13 11:31:29,0
@BreeDaniels1 @AlisonReyxxx Wtf did he censor?!?! My fuckin brain aint connecting shit together!,DerrickWren20,,2017-12-13 11:31:29,0
"@realDonaldTrump LMAO. The ""prophet"" #idiotinchief would have us believe he has a functioning brain AND the ability‚Ä¶ https://t.co/osMbJsIUHM",stefsealy,Your Mom's House ‚ò†,2017-12-13 11:31:30,0
ALL MY BRAIN CELLS ARE DEAD PUSH ME TO THE EDGE,FritzYarra,Kidaps üåÑ Wabad üåá,2017-12-13 11:31:31,0
"RT @pronemortalform: friend: hey u aight

me: yeah

my brain: https://t.co/6ddGfTXbAY",cuntyasap,,2017-12-13 11:31:33,0
"RT @OpTic_Scumper: Ardennes Forest SnD loads up

My brain: https://t.co/lmgs5wQDJd",xiShaKuuZ,"Saarland, Deutschland",2017-12-13 11:31:34,0
Boost your brain power with Quizflix ‚Äì one of the best #Trivia #questions &amp; quiz #game apps exceptionally designed‚Ä¶ https://t.co/pXFjDJVcw9,Quizflix1,United Kingdom,2017-12-13 11:31:36,0
@realDonaldTrump whole primary election is run in a way that is designed to not pick the right winner. so why is an‚Ä¶ https://t.co/cHonuWRK7w,sresh04_surinam,,2017-12-13 11:31:36,0
RT @JameelHassan_: Lacrosse is a sport that we need to get more young black boys in.... same skill set as football WAY more scholarshi‚Ä¶ ,ThatGurlDQ,,2017-12-13 11:31:36,0
"flaws #6

too young
to have alzimers
such a bang
where brain flactuates
lets initiate
how forgetful you are
scared a lot
hope you would not.",tadpolesss,Outerspace,2017-12-13 11:31:37,0
RT @NoHoesGeorge: when your last two brain cells meet https://t.co/w1OR29wT24,willboy711,Britney‚ù§Ô∏èÔ∏è,2017-12-13 11:31:39,0
@ellaf22 @pennygotch Bobby the brain made that rumble. His commentary was brilliant. And the post match interview w‚Ä¶ https://t.co/75i9VJ6jAI,4D_79,"Newcastle-under-Lyme, England",2017-12-13 11:31:39,0
"The US is laughing mightily (at you),@realDonaldTrump. You lost TWICE in Alabama. Let that sink in bigly brain with‚Ä¶ https://t.co/770wz5wEtz",UndergroundSch2,"L.A., NYC, Providence, Paris",2017-12-13 11:31:40,0
RT @zachht1: My last three brain cells on their way to ace my finals for me https://t.co/1w7LPU1AyF,julianajordan_,,2017-12-13 11:31:40,0
"RT @BBCBreaking: Scientists hail a breakthrough treatment for Huntington's, one of the most devastating brain diseases https://t.co/jGwF14I‚Ä¶",CM_Senate,"North West, England",2017-12-13 11:31:41,0
"Python for Data Science and Machine Learning Bootcamp
‚òû https://t.co/0LSodnM14L
#graphic #design https://t.co/4m25wQYlew",Design_Gra,United States,2017-12-13 11:31:42,0
"RT @michagaebler: 2 more weeks to submit abstracts &amp; apply for 3-month ""MBB Young Scientist"" residency: 6th #MindBrainBody Symposium‚Ä¶ ",neuroconscience,"London, England",2017-12-13 11:31:42,0
@BrigadierSlog He's like Bernie Sanders after the primaries at this point. Still swinging like the limbless monty p‚Ä¶ https://t.co/KfSq2nmVbV,DebGroarke,Sydney,2017-12-13 11:31:44,0
Your brain may need a break...here's a fun walk down memory lane...except for House of Cards elegy and possibly Bar‚Ä¶ https://t.co/NZSM4wdFKW,ThomONeil1,"Little Peace of Paradise, PA",2017-12-13 11:31:45,0
"I'm a Libertarian you brain dead dindu
I'm really not very right wing https://t.co/2YJ0pajiwh",CaptioKnight,"California, USA",2017-12-13 11:31:46,0
RT @NoHoesGeorge: when your last two brain cells meet https://t.co/w1OR29wT24,essenceslays,jersey,2017-12-13 11:31:48,0
"RT @sadgirlkms: me: wow i sure am hungry but idk what to eat

brain: just fuckin eat nothing 

me: understandable have a good day",blaenahvon,Cardiff / Portsmouth,2017-12-13 11:31:48,0
@meeeggggss Oh soooo instead of cramming now...you‚Äôre better off going in at like 9 and looking over notes so that‚Ä¶ https://t.co/0E52LGsyKR,ItsAlwaysAJ,"Colorado Springs, CO",2017-12-13 11:31:50,0
my brain is pounding hahahahha,yanakalaw,http://yanakalaw.blogspot.com,2017-12-13 11:31:50,0
"Old and new brain emojis, for those whose phones don't render it yet! https://t.co/1oA9EepJYQ",o_guest,"London, England",2017-12-13 11:31:50,0
"RT @BIowingUpMinds: After you die, it is believed that you have 7 minutes of brain activity left inside you, and in the 7 minutes you e‚Ä¶ ",cuteywuttyme12,My own head ,2017-12-13 11:31:51,0
RT @hellhorror: RT @IndieAuthorNews: New Indie Book Release: Brain Damage (by J A St Thomas @jas0603) &gt; https://t.co/8p2PzsTA2f &lt; 5‚Ä¶ ,Vicky74975228,,2017-12-13 11:31:51,0
@bigdavo83 Surely you don't need to be on twitter to be assaulted by every brain fart he barely manages to type?,06eleven,Melbourne,2017-12-13 11:31:51,0
"RT @jpodhoretz: I mean, with a political brain like this, the GOP is sure to win every race now! https://t.co/YISryAgKsd",KueblerSusan,United States,2017-12-13 11:31:52,0
"RT @lo_chifung: Sleep disorder #F1 #MercedesAMGF1 #Neuroscience
#StevenLockley,#SleepandCircadianDisorders‚Ä¶ ",lo_chifung,Currently: The Netherlands,2017-12-13 11:31:52,0
RT @SoDamnTrue: i WiLL LITERALLY GET ANXIETY BC OF IMAGINARY SCENARIOS I MADE UP IN MY HEAD THAT WON'T HAPPEN AND THEN GET ANXIETY‚Ä¶ ,emro_99,"Sheffield, England",2017-12-13 11:31:53,0
RT @tbhHamadi: My brain these days...üìâüìö https://t.co/N09TcFx9p6,tbhHamadi,ŸÖ.,2017-12-13 11:31:53,0
RT @spimescape: cc: @womenwhogolndn - I met @bketelsen at the Go workshop this fall and it was awesome! If you're looking for a Go‚Ä¶ ,blakedotfr,Qom,2017-12-13 11:31:54,0
"RT @BIowingUpMinds: After you die, it is believed that you have 7 minutes of brain activity left inside you, and in the 7 minutes you e‚Ä¶ ",yetts_,playing the game of faces.,2017-12-13 11:31:54,0
these my best hours to brain storm,deyisakiller_,w/MoneyBoo,2017-12-13 11:31:55,0
RT @Nadyaad_: i hate when my brain just decides to keep me up,steph_potkovac,,2017-12-13 11:31:55,0
"RT @ugsadkid: me: i'm really anxious about this thing :(

my brain: hey don't be, if it doesn't work out you can always die :)

me: i... th‚Ä¶",angiexotwod,,2017-12-13 11:31:56,0
"@tjgjchm @ChrisRBarron @DonaldJTrumpJr @CNN Even if allegations true (big if), there is a difference between making‚Ä¶ https://t.co/y6kC9tSWPA",DavidKrancer,"Kemmerer, WY",2017-12-13 11:31:56,0
"@SpaceDabber ((It's okay! Of course, tired me's brain went straight to the gutter before coming back with souvenirs. But I'm comfy~))",xShiroSpaceDad,,2017-12-13 11:31:57,0
"We are giving away an iPad üòÆ .. but we want to pick your brain üß† 
Simply fill out our short customer experience sur‚Ä¶ https://t.co/eP39HFWV3V",DMRSeals,"Sheffield, England",2017-12-13 11:31:58,0
"RT @itzwikipedia: Smiling, even in a bad mood, can immediately improve your mood because these muscles are enough to trigger happy chemical‚Ä¶",2ez4von,"Balanga City , Bataan",2017-12-13 11:32:00,0
"RT @itzwikipedia: Smiling, even in a bad mood, can immediately improve your mood because these muscles are enough to trigger happy chemical‚Ä¶",juliesgirlz,"Los Angeles, CA",2017-12-13 11:32:00,0
"RT @jpodhoretz: I mean, with a political brain like this, the GOP is sure to win every race now! https://t.co/YISryAgKsd",Benhartman,"Tel-Aviv, Israel - Austin, TX",2017-12-13 11:32:01,0
"RT @jpodhoretz: I mean, with a political brain like this, the GOP is sure to win every race now! https://t.co/YISryAgKsd",johnmbennett,"√úT: 47.597083,-52.71019",2017-12-13 11:32:02,0
"RT @BIowingUpMinds: After you die, it is believed that you have 7 minutes of brain activity left inside you, and in the 7 minutes you e‚Ä¶ ",ImaniMami23,,2017-12-13 11:32:02,0
RT @zooba: Welcome @ericsnowcrntly to #Microsoft! Let's go make the #python developer experience on all OSs better for everyone!,boblinuxz,France,2017-12-13 11:32:01,0
RT @stpiindia: Humanoid Robot Sophia Crowdfunds A.I. Global Brain to Make Her Smarter |  https://t.co/5lBWdFWy14,shruthi_STPIB,,2017-12-13 11:32:05,0
RT @WhitneyCummings: This is important shit you guys. https://t.co/jvd5FXY7DH,shaneeegeee,,2017-12-13 11:32:05,0
"RT @BIowingUpMinds: After you die, it is believed that you have 7 minutes of brain activity left inside you, and in the 7 minutes you e‚Ä¶ ",raemaarie,eric foreman‚Äôs basement ,2017-12-13 11:32:08,0
"RT @BIowingUpMinds: After you die, it is believed that you have 7 minutes of brain activity left inside you, and in the 7 minutes you e‚Ä¶ ",ChoChasin,,2017-12-13 11:32:08,0
"REST APIs with Flask and Python
‚òû https://t.co/L8qjDtn5jt
#python #django #flask
SkBllTo-G https://t.co/lBVNDBxY7W",Learn_Python_2z,United States,2017-12-13 11:32:09,0
"Mastering Python - Second Edition
‚òû https://t.co/Aq4saafg6K

#python https://t.co/v3jAOjgKer",Pythons_me,United States,2017-12-13 11:32:09,0
RT @zooba: Welcome @ericsnowcrntly to #Microsoft! Let's go make the #python developer experience on all OSs better for everyone!,boblinuxz,France,2017-12-13 11:32:01,0
"RT @BIowingUpMinds: After you die, it is believed that you have 7 minutes of brain activity left inside you, and in the 7 minutes you e‚Ä¶ ",urbanclassash,,2017-12-13 11:32:09,0
"RT @itzwikipedia: Smiling, even in a bad mood, can immediately improve your mood because these muscles are enough to trigger happy chemical‚Ä¶",paakowh,"Texas, USA",2017-12-13 11:32:11,0
"RT @BIowingUpMinds: After you die, it is believed that you have 7 minutes of brain activity left inside you, and in the 7 minutes you e‚Ä¶ ",ThatGurlDQ,,2017-12-13 11:32:12,0
"RT @tuanight: me: i have so much things to do 
my brain, the whole day: https://t.co/Tt99F9VaO7",ultvocalists,,2017-12-13 11:32:13,0
"RT @Hardywolf359: It‚Äôs too early for this sort of crap...
My brain hurts! https://t.co/kXiFkrJHA9",MSR_Future,Earth,2017-12-13 11:32:15,0
RT @atomicflush: John Mulaney was so fucking funny and cute and I love him so much I want him to be my boyfriend or my best friend o‚Ä¶ ,brittanyaline,wmass,2017-12-13 11:32:16,0
"RT @OpTic_Scumper: Ardennes Forest SnD loads up

My brain: https://t.co/lmgs5wQDJd",_ryanwilkes_,"Leicester, England",2017-12-13 11:32:16,0
"RT @jpodhoretz: I mean, with a political brain like this, the GOP is sure to win every race now! https://t.co/YISryAgKsd",konrad_jeff,,2017-12-13 11:32:16,0
"RT @BIowingUpMinds: After you die, it is believed that you have 7 minutes of brain activity left inside you, and in the 7 minutes you e‚Ä¶ ",Ayejaayyy,The creases ,2017-12-13 11:32:16,0
Oh. It‚Äôs nice to see that Chris allows consultancy companies on their courses unlike other training orgs. https://t.co/h7etBw5DTu,RMGirlUK,,2017-12-13 11:32:16,0
The reason why I prefer #Golang over #Python and #Nodejs https://t.co/Wdl0E2X1Do,neoyogi9,Earth,2017-12-13 11:32:18,0
"One Direction never bottom,‚Äôcause they top everywhere.

- 3 seconds in Greta‚Äôs brain",LarryingLarry,RBB residence,2017-12-13 11:32:18,0
"""my brain couldn't resist
wanderlust and before
i knew it, i was already
thinking of you.""",krstngonzales,Region of the summer stars,2017-12-13 11:32:19,0
"@Realjmannarino @realDonaldTrump Here I am thinking Trump being delusional is the issue, when it his cult members t‚Ä¶ https://t.co/XkPixyE8gi",user14201,Canada,2017-12-13 11:32:19,0
"RT @ToyCarsNJ: Hello world, today we're incredibly excited to premier a new song, ""Cold"" from our upcoming debut LP, ""Paint Brain""‚Ä¶ ",jamesbauman27,"New Jersey, USA",2017-12-13 11:32:19,0
RT @H_Eisenbarth: Structural brain differences in girls versus boys with callous-unemotional traits: https://t.co/siMi2cPUpl,NuriaMackes,"London, England",2017-12-13 11:32:19,0
"@erdgeist ok, so the script does the following: 1. fetch cert from server, 2. send various bad CKEs. your change ma‚Ä¶ https://t.co/9WMJVM3uxG",hanno,,2017-12-13 11:32:21,0
"I JUST WANTED TO DO A NICE UPBEAT PIECE. My brain? ""Oh, hey, what do these genres say about society's views on asexuality?""",lynnoconnacht,wilds of continental Europe,2017-12-13 11:32:21,0
"RT @BIowingUpMinds: After you die, it is believed that you have 7 minutes of brain activity left inside you, and in the 7 minutes you e‚Ä¶ ",Ifeatu_x,nigeria,2017-12-13 11:32:22,0
@hollymatthews @ITVLorraine @goodgrieftrust @griefencounter @JeffBrazier @BrainTumourOrg 4th xmas without our beaut‚Ä¶ https://t.co/QikjpnQVbI,daviespickles,bradaford yorkshire,2017-12-13 11:32:22,0
"RT @kurteichenwald: ...and the brain drain begins. Top American scientists from Harvard, Princeton etc. receiving research grants by ag‚Ä¶ ",pharmalady,,2017-12-13 11:32:23,0
RT @duchessgoldblat: Most headaches are caused by characters congregating on the brain. Doctors will drill an exit and let them slip away.‚Ä¶,Spirittribevibe,One World,2017-12-13 11:32:25,0
Put Your Brain into the Blockchain ... #Bitcoin https://t.co/BAc28xQa0o,stone22stone,"Ile-de-France, France",2017-12-13 11:32:25,0
RT @TheHackersNews: ROBOT Attack: 19-Year-Old Bleichenbacher's Padding Oracle Attack Reintroduced Against RSA Encryption Used By SSL Se‚Ä¶ ,NurYanaQaisara,IIUM,2017-12-13 11:32:26,0
@JohnGPeet @nick_gutteridge @apatersonlondon We need Hammond in P2/P3 even more. At least he has half a brain.,atthe404,At home,2017-12-13 11:32:26,0
"When ignored by someone whose attention means the most to you, the reaction in the brain is similar to physical pain.",PsychologyTwts,,2017-12-13 11:32:26,0
"RT @itzwikipedia: Smiling, even in a bad mood, can immediately improve your mood because these muscles are enough to trigger happy chemical‚Ä¶",reynxxxi,Neverland,2017-12-13 11:32:27,0
RT @NoHoesGeorge: when your last two brain cells meet https://t.co/w1OR29wT24,tinygrinch,"kpop, stranger things, it",2017-12-13 11:32:28,0
omg yessss! lacrosse is the most slept on sport ever!! &amp; its actually the best sport! https://t.co/ldoAaiOYl7,aayino,somewhere taking pictures.                               ,2017-12-13 11:32:28,0
"RT @NewWorldHominin: ""The film presents evidence that most children with gender dysphoria eventually overcome the feelings without trans‚Ä¶ ",C7RKY,UK,2017-12-13 11:32:32,0
RT @GeorgiaDirtRoad: This was not Steve Bannon‚Äôs fault. This was the GOP Establishment‚Äôs fault who is hell bent on destroying their own‚Ä¶ ,NaNa20931548,,2017-12-13 11:32:33,0
RT @faa1004: Tbh #BAP_HANDSUP stuck in my head faster than last cbs. Its either my brain improved or ofcourse BAP themselves üòÇüòÇ,xholdbaby,Mato Planet ,2017-12-13 11:32:33,0
"RT @activist360: Roy Moore's spokesman is the epitome of the kind of bigoted, brain-dead imbeciles who inhabit today's Trump GOP. Th‚Ä¶ ",SunnyTAZ,,2017-12-13 11:32:34,0
RT @DeathOfficial: DEATH shirts look good on stage! \m/ERIC #LetTheMetalFlow https://t.co/nJIuF281Fn,felipeh69428678,"Curitiba, Brasil",2017-12-13 11:32:36,0
"Brain: ""ok Jace, tonight's the night, let's do this. Don't go to bed at 4am""

*4am*

Brain: ""...dumbass""",thejacegoodwin,Utah State University,2017-12-13 11:32:36,0
RT @sun4dinocat: Hot dang brain..i got an idea already for banner designs for the upcoming elyxion..ahh hope u guys will like it „Öã„Öã„Öã‚Ä¶ ,ohsehorn,OT9 + 1 + 1 + 1 = EXO ‚ô°,2017-12-13 11:32:39,0
"RT @MozzyThaMotive: Sucka brain dead, bitch that count",anthonyhunt11,,2017-12-13 11:32:39,0
@matt_inwood @foodurchin Weekly event in my childhood too. Acrid stink forever imprinted in brain. Only use stainless steel!,renatabnichol,,2017-12-13 11:32:40,0
RT @tinyvocaIist: my last brain cell everytime i pick up a book and say i‚Äôm gonna study https://t.co/zY7LJeqJax,MuNajihah_,,2017-12-13 11:32:40,0
"RT @ColdmanHot: STEM MAJOR: Everything that we know and love is reducible to the absurd acts of chemical, and there is therefore no‚Ä¶ ",_Shehan_,SW-0577-1783-7984,2017-12-13 11:32:42,0
"RT @BIowingUpMinds: After you die, it is believed that you have 7 minutes of brain activity left inside you, and in the 7 minutes you e‚Ä¶ ",eIIiest,UPRB,2017-12-13 11:32:42,0
RT @engrossingfacts: Music can repair brain damage and returns lost memories.,jacobmerilo,"Los Angeles, CA",2017-12-13 11:32:43,0
RT @StayYoungMedia: Do you have Road Rage? You may have a parasite in your brain! https://t.co/4h2Iak9QFH #RoadRage #Brain #Health #Parasite,mseanwivs,North Carolina,2017-12-13 11:32:43,0
@LeppardLove21 @moonkings_fanpg Ok my old Brain hurts nowü§î‚òπÔ∏èüòä,Carolin94145198,NashvilleÔøº,2017-12-13 11:32:44,0
RT @JameelHassan_: Lacrosse is a sport that we need to get more young black boys in.... same skill set as football WAY more scholarshi‚Ä¶ ,SheOnMyCloud9,Chicago,2017-12-13 11:32:45,0
RT @engrossingfacts: Music can repair brain damage and returns lost memories.,UmmuSabrina,Shah Alam,2017-12-13 11:32:45,0
My brain stays on go üòÇ,_cryssk,,2017-12-13 11:32:46,0
"The brain can be easy to buy, but the heart never comes to market. - James Russell Lowell
#ALDUBJustBeHappy",radoc_jeana,,2017-12-13 11:32:47,0
@iamrayraylenee MY BRAIN IS READY 4 MUSIC 1,Originaldelan,,2017-12-13 11:32:49,0
@Azania_ Snatch &amp; Monty Python's Life of Brian I have watched both at least 20x each will possibly double that.,kgauzi,,2017-12-13 11:32:49,0
"RT @ScottBantel: Guy tweets about shooting Burfict (literally), finds a gorilla being shot funny and now finds brain injuries funny.‚Ä¶ ",chris_biz,"Hamilton, OH",2017-12-13 11:32:49,0
"RT @thejessicadore: Exercise is the last thing people want to do when depressed, but movement stimulates dopamine + serotonin‚Äîtwo brain‚Ä¶ ",AzariahMagby,,2017-12-13 11:32:50,0
@realDonaldTrump How's the dementia working out for you... 12 cans of coke burning your brain cells,techmodek,"Miami, FL",2017-12-13 11:32:50,0
I reckon Bifo would agree with me that digital access only primary texts in seminars are an instance of the social‚Ä¶ https://t.co/sx3iR5Sv47,MareileP,Manchester/Glasgow,2017-12-13 11:32:51,0
Lets have some December Fun with these Brain Teasers https://t.co/YKeIt7SAJb,corpessentials6,"Mumbai, India",2017-12-13 11:32:51,0
"RT @yusufyuie: Your girl: Ugh i swear you don't even be listening!

Your brain while she talking: https://t.co/otAEPyl3fg",_Lance25,"Chino Hills, CA",2017-12-13 11:32:52,0
RT @SuperDealsite: Programming In Python For #DataAnalytics And #DataScience | Also #java #nodejs #angular4 #sql @udemy #coupons‚Ä¶ ,Appgik1,,2017-12-13 11:32:53,0
RT @KitPloit: #Python For #Android Hacking Crash Course: Trojan Perspective https://t.co/UDMNMw8N2j https://t.co/kznw5NKwZA,FherTrelew,,2017-12-13 11:32:53,0
"RT @BrendanW73: Me: *spends hours studying for exam* yeah I‚Äôm pretty confident, this will be okay just so long as I focus! 

My bra‚Ä¶ ",ajvic_,,2017-12-13 11:32:54,0
RT @DavidPapp: Virtualenv and venv: Python virtual environments explained https://t.co/uvOhP64AIm,8moo_R,,2017-12-13 11:32:54,0
"RT @ugsadkid: me: i'm really anxious about this thing :(

my brain: hey don't be, if it doesn't work out you can always die :)

me: i... th‚Ä¶",caitlin_______h,,2017-12-13 11:32:54,0
RT @tinyvocaIist: my last brain cell everytime i pick up a book and say i‚Äôm gonna study https://t.co/zY7LJeqJax,hyukiyol,,2017-12-13 11:32:54,0
"RT @ugsadkid: me: i'm really anxious about this thing :(

my brain: hey don't be, if it doesn't work out you can always die :)

me: i... th‚Ä¶",thethetheaa,,2017-12-13 11:32:54,0
"Hello#AFRIKA# BEAUTY&amp;BRAIN 
by your bwoyy @officialmixtakelzy
Still making waves, you can check it out here... https://t.co/5yYYxW83VE",Itsmrkelzy1,"Abia, Nigeria",2017-12-13 11:32:55,0
RT @JameelHassan_: Lacrosse is a sport that we need to get more young black boys in.... same skill set as football WAY more scholarshi‚Ä¶ ,_diana_m_x,,2017-12-13 11:32:55,0
RT @JameelHassan_: Lacrosse is a sport that we need to get more young black boys in.... same skill set as football WAY more scholarshi‚Ä¶ ,melaninmom,,2017-12-13 11:32:57,0
RT @NoHoesGeorge: when your last two brain cells meet https://t.co/w1OR29wT24,Helbellx,,2017-12-13 11:32:57,0
"i'm afraid of the thoughts in my brain, don't want to feel any pain",mrynekooo,Phil.,2017-12-13 11:32:58,0
"RT @jpodhoretz: I mean, with a political brain like this, the GOP is sure to win every race now! https://t.co/YISryAgKsd",RLSandack,,2017-12-13 11:32:58,0
"@TheAfroSmash Well, that image is now burned into my brain.

Thanks! :^D",Mad_Ice_King,Nederland,2017-12-13 11:32:58,0
Foh don't nobody wanna watch niggas play w sticks https://t.co/Lpv7DHj7fX,Dre1__,"Cleveland, OH",2017-12-13 11:32:59,0
RT @NoHoesGeorge: when your last two brain cells meet https://t.co/w1OR29wT24,1swervy,,2017-12-13 11:32:59,0
RT @nandi_cakes: A man will not care about the amount but its about the effort!!! The effort of you showing that you can use that th‚Ä¶ ,ItsYourBoySas,Johannesburg South Africa,2017-12-13 11:33:02,0
RT @joeunhana: Sexual harassment is a serious matter. You don't have a say of what's wrong or right unless you're involved. And yo‚Ä¶ ,rbaekay04,,2017-12-13 11:33:02,0
Python CLI for cricket updates. Any feedback is much appreciated. https://t.co/Mw6GoD07v6 #Python   submitted by‚Ä¶ https://t.co/wnJYOq6SvH,programmingncr,"Gurgaon, Haryana, India",2017-12-13 11:33:03,0
@joerogan @LiveScience Im pretty sure the first time anyone found a Burmese python in Florida was in 1979.,Polarbear032,,2017-12-13 11:33:03,0
"RT @BIowingUpMinds: After you die, it is believed that you have 7 minutes of brain activity left inside you, and in the 7 minutes you e‚Ä¶ ",miggy_mejia22,San Jo,2017-12-13 11:33:05,0
@jinhoppang exactly HAHAHAHA i couldnt engage to deep and sensible conversations recently because im too exhausted‚Ä¶ https://t.co/xFoHxqiJ1r,flower10tagon,ÌéúÌÉÄÍ≥§Ïùò Ïö∞Ï£º,2017-12-13 11:33:07,0
"RT @ugsadkid: me: i'm really anxious about this thing :(

my brain: hey don't be, if it doesn't work out you can always die :)

me: i... th‚Ä¶",in_exitium,"Chicago, IL",2017-12-13 11:33:07,0
RT @Farzana_Rasab_: @CMShehbaz what the Hell is your brain dead son talking about?? Mentally impaired. https://t.co/WqpZQu22Wa,RealJinn,,2017-12-13 11:33:05,0
"RT @sarah_wigington: For example - The amygdala (your brain‚Äôs threat detection center) can become overactive, engaging in a constant pro‚Ä¶ ",FilleDamnee,,2017-12-13 11:33:04,0
I'm playing WordBrain and I've just reached brain size 2161! #WordBrain  #words,kwazi_kunene,"Durban, Chesterville",2017-12-13 11:33:04,0
@Mz_Najite We use our ears and brain,Johboy4flings," lagos, Nigeria",2017-12-13 11:33:08,0
"RT @BIowingUpMinds: After you die, it is believed that you have 7 minutes of brain activity left inside you, and in the 7 minutes you e‚Ä¶ ",wokiedavid,,2017-12-13 11:33:09,0
RT @GeorgiaDirtRoad: This was not Steve Bannon‚Äôs fault. This was the GOP Establishment‚Äôs fault who is hell bent on destroying their own‚Ä¶ ,humblegrandma,Underground bunker,2017-12-13 11:33:11,0
"RT @SimplyNadzz: Me: I should study today
My brain: https://t.co/8SgfwjRYWp",walix85,Mother Base,2017-12-13 11:33:12,0
"RT @binitamshah: CryptSky : A simple, fully python ransomware PoC : https://t.co/Z6jUs1Hzxq",rlindsgaard,XMPP+OTR: rel@cloak.dk,2017-12-13 11:33:12,0
RT @INDIEWASHERE: i WiLL LITERALLY GET ANXIETY BC OF IMAGINARY SCENARIOS I MADE UP IN MY HEAD THAT WON'T HAPPEN AND THEN GET ANXIETY‚Ä¶ ,ScientificFox,conk land,2017-12-13 11:33:12,0
@Cab1973Chris @Lulu_Blue2012 Well he was a true gent and certainly used that big brain of his to help me out a few‚Ä¶ https://t.co/dJfETknitv,Mr_Moan,,2017-12-13 11:33:12,0
"RT @GirlfriendNotes: Exam: Name ____________ 

My brain: https://t.co/fm3kXpGxuw",camille_lavely,"Brighton, MI",2017-12-13 11:33:14,0
RT @NoHoesGeorge: when your last two brain cells meet https://t.co/w1OR29wT24,ebony_marie63,"Des Moines, IA",2017-12-13 11:33:14,0
RT @JameelHassan_: Lacrosse is a sport that we need to get more young black boys in.... same skill set as football WAY more scholarshi‚Ä¶ ,Isaacb_80,United States,2017-12-13 11:33:14,0
RT @GelosSnake: really cool video explaining @radareorg python binding https://t.co/3YfjhP2auL,foxtrot_0x4fult,Somewhere,2017-12-13 11:33:15,0
It‚Äôs like they all share a collective brain. When do 98% of Americans ever agree on anything https://t.co/DNkY8zSWF3,socalmike_SD,"San Diego, CA",2017-12-13 11:33:15,0
@meomulleojullae @Winniedoexol a few minutes ago you call me to respect others opinion and now you wrote ‚Äúchill you‚Ä¶ https://t.co/laRuk764Z9,SedaAeri,Armenia,2017-12-13 11:33:16,0
RT @engrossingfacts: Music can repair brain damage and returns lost memories.,liza_mclenaghan,"Bacoor, Calabarzon",2017-12-13 11:33:18,0
RT @zachht1: My last three brain cells on their way to ace my finals for me https://t.co/1w7LPU1AyF,jacquieaza,my senioritis is crushing me,2017-12-13 11:33:19,0
"I concur. The brain needs a break too, feed it with festive pleasures - let it get fat and ready for work when it's‚Ä¶ https://t.co/Y5SkvBLFbe",RussJonesWrites,"Edinburgh, Scotland",2017-12-13 11:33:19,0
RT @INDIEWASHERE: i WiLL LITERALLY GET ANXIETY BC OF IMAGINARY SCENARIOS I MADE UP IN MY HEAD THAT WON'T HAPPEN AND THEN GET ANXIETY‚Ä¶ ,bubblegumezra,pennywoke‚Ñ¢,2017-12-13 11:33:20,0
RT @poetastrologers: Virgo as Emily Dickinson line: The Brain‚Äîis wider than the Sky‚Äî,zurniezarose_,"Les Angles, France",2017-12-13 11:33:20,0
"RT @jpodhoretz: I mean, with a political brain like this, the GOP is sure to win every race now! https://t.co/YISryAgKsd",thomaspublius,,2017-12-13 11:33:22,0
"somebody: so what do you want for christmas?

me: *forgets anything i've ever been interested in and has an identit‚Ä¶ https://t.co/iT8197uo8j",borderlinepunk,lying on the floor crying,2017-12-13 11:33:23,0
Happy fucking birthday to my baw my brother KDigga aka Da Brain aka‚Ä¶ https://t.co/2ZfRfGNhcE,Scrimm_,"Smooth Central, NY",2017-12-13 11:33:25,0
@JacksonLeeTX18 Shelia. Engage brain before opening mouth. It's Sick home Alabama now. Evil is exposed. Are you kneeling before Satan?,barrykgrover,"South Carolina, USA",2017-12-13 11:33:26,0
"RT @ugsadkid: me: i'm really anxious about this thing :(

my brain: hey don't be, if it doesn't work out you can always die :)

me: i... th‚Ä¶",emmyyb22,"Frankenmuth, MI",2017-12-13 11:33:26,0
"RT @pookleblinky: Airborne cancer herpes that eats your brain, with a mortality rate higher than ebola.",t0kerfr0g,Canada,2017-12-13 11:33:28,0
"Python and Django Full Stack Web Developer Bootcamp

‚òû https://t.co/AQ9MrS6zAY

#python https://t.co/76MCDNgjhX",python_devv,United States,2017-12-13 11:33:29,0
RT @JameelHassan_: Lacrosse is a sport that we need to get more young black boys in.... same skill set as football WAY more scholarshi‚Ä¶ ,JerastaysiaB,18th and Minding My Business ,2017-12-13 11:33:30,0
"Me: oh good I have an hour to sleep before I have to get up for work
Brain: watch Yuri On Ice amvs",ShutUpDanni,,2017-12-13 11:33:30,0
"RT @BIowingUpMinds: After you die, it is believed that you have 7 minutes of brain activity left inside you, and in the 7 minutes you e‚Ä¶ ",__WavePapiE,Planet Paradise. ,2017-12-13 11:33:30,0
"RT @allmenaintshit: Men always hit u up like ""thank u for everything u taught me"" after u leave like WHY THE FUCK COULDNT U LEARN THAT‚Ä¶ ",cyberg0ld,"New York, NY",2017-12-13 11:33:31,0
"RT @BIowingUpMinds: After you die, it is believed that you have 7 minutes of brain activity left inside you, and in the 7 minutes you e‚Ä¶ ",glockaatyy,,2017-12-13 11:33:31,0
"RT @radoc_jeana: The brain can be easy to buy, but the heart never comes to market. - James Russell Lowell
#ALDUBJustBeHappy",lynie1283,NY,2017-12-13 11:33:33,0
RT @MICCHUNCHO: Religious ppl lack brain cells sometimes https://t.co/4uf72ZYWv9,icedmochaax,,2017-12-13 11:33:34,0
RT @seouft: my last brain cell on a test https://t.co/99uiQQyv2q,taegidipity,,2017-12-13 11:33:34,0
Welcome to your brain on overdrive. #FinalsWeek,BethMegill,Ventura County,2017-12-13 11:33:35,0
"RT @ugsadkid: me: i'm really anxious about this thing :(

my brain: hey don't be, if it doesn't work out you can always die :)

me: i... th‚Ä¶",_assmeli,,2017-12-13 11:33:35,0
RT @tinyvocaIist: my last brain cell everytime i pick up a book and say i‚Äôm gonna study https://t.co/zY7LJeqJax,sehunthentic,,2017-12-13 11:33:35,0
RT @zachht1: My last three brain cells on their way to ace my finals for me https://t.co/1w7LPU1AyF,_Becca_Mc,Canton Michigan,2017-12-13 11:33:35,0
RT @zaoyang: 21/ These are mindsets and as for strategies. People need to take concepts from Learning how to Learn by‚Ä¶ ,lmsergio,New York City,2017-12-13 11:33:36,0
"@CrocutaMane The realistic bust/breast physics is something I want, I can't wrap my brain around their breast being‚Ä¶ https://t.co/mv8JhjsoZl",JishiMuhyo,"Indianapolis, IN",2017-12-13 11:33:37,0
RT @SheriNotCheri: Homie legit froze. Like an old windows PC. Blue screen of death written all over his face. His brain went CTRL - AL‚Ä¶ ,Marcel703,D.M.Virginia,2017-12-13 11:33:39,0
"RT @itzwikipedia: Smiling, even in a bad mood, can immediately improve your mood because these muscles are enough to trigger happy chemical‚Ä¶",purnamaku4,"Tangerang, Indonesia",2017-12-13 11:33:41,0
RT @tinyvocaIist: my last brain cell everytime i pick up a book and say i‚Äôm gonna study https://t.co/zY7LJeqJax,peakaichuu,+639,2017-12-13 11:33:41,0
#haveread #reread 'Ethan In Gold' by @amymaclane I don't know how/why my brain (&amp; heart) forgets how much Amy Lane‚Ä¶ https://t.co/1HRpEowQcA,MiaReadsBooks,"Melbourne, Australia",2017-12-13 11:33:41,0
"@washingtonpost Well yeah, anyone with half a brain will have anti Trump comments. The man is a walking bag of poison.",natgrisales,,2017-12-13 11:33:42,0
"If little else, the brain is an educational toy.",mrbaconbot,,2017-12-13 11:33:44,0
RT @NoHoesGeorge: when your last two brain cells meet https://t.co/w1OR29wT24,daeshamd,"South Carolina, USA",2017-12-13 11:33:44,0
"@SPIEGELONLINE @DerSPIEGEL Oops
lay off the drugs for a while, your memory might come back.... and the brain cells you‚Äòre missing...",schwarz_rudiger,"Unterf√∂hring, Deutschland",2017-12-13 11:33:45,0
"@neilhimself I like headcannon, though. For things your brain expels with great force.",Pasdy_Kwah,,2017-12-13 11:33:46,0
RT @JameelHassan_: Lacrosse is a sport that we need to get more young black boys in.... same skill set as football WAY more scholarshi‚Ä¶ ,LAJE337,in my refrigerator,2017-12-13 11:33:47,0
"RT @LarryingLarry: One Direction never bottom,‚Äôcause they top everywhere.

- 3 seconds in Greta‚Äôs brain",mirthanunezper1,,2017-12-13 11:33:47,0
There is a Kanda Bongo man song playing in my head for hours now. My brain is weird üòê,Melmellg,"Centurion SA, Harare Zimbabwe",2017-12-13 11:33:50,0
"RT @OpTic_Scumper: Ardennes Forest SnD loads up

My brain: https://t.co/lmgs5wQDJd",Adil_046,England,2017-12-13 11:33:51,0
Like and subscribe to Susan Greenfield YouTube page here https://t.co/eJ0nKrNqTf #SusanGreenfield #Neuroscience https://t.co/ISGmdBGaq8,BaronessGreenfi,"London, England",2017-12-13 11:33:52,0
RT @SoDamnTrue: i WiLL LITERALLY GET ANXIETY BC OF IMAGINARY SCENARIOS I MADE UP IN MY HEAD THAT WON'T HAPPEN AND THEN GET ANXIETY‚Ä¶ ,KayleeGThings,"Texas, USA",2017-12-13 11:33:53,0
RT @grazzenriquez_: my brain is in vacation mode already fuUUuuuckkkKk,trinaaburgos,,2017-12-13 11:33:53,0
Maternal #brain TNF-Œ± Programs Innate Fear in the Offspring https://t.co/viZKguEaHR @CurrentBiology https://t.co/RvVIL307AX,BehavEcolPapers,global,2017-12-13 11:33:56,0
RT @OESrockSTARS: Brain break fun after our benchmark today! @suptking https://t.co/hU2JynMx8x,suptking,"Somerville, TN",2017-12-13 11:33:56,0
RT @JameelHassan_: Lacrosse is a sport that we need to get more young black boys in.... same skill set as football WAY more scholarshi‚Ä¶ ,KyNinety5,Somewhere in Canada,2017-12-13 11:33:57,0
@dayamavis My brain on three hours of sleep read this and wasn‚Äôt surprised by any of it. Yike.,wlks23,the Nevernever,2017-12-13 11:33:57,0
"RT @BIowingUpMinds: After you die, it is believed that you have 7 minutes of brain activity left inside you, and in the 7 minutes you e‚Ä¶ ",chloey_calais,,2017-12-13 11:33:58,0
@Lollypopguild1 They‚Äôre brain and hormones do horrible things to them. Hugs,JustMeAlone23,,2017-12-13 11:33:59,0
They broke his brain! https://t.co/J8857M5VNm,buShroom,"La Crosse, WI",2017-12-13 11:33:59,0
Mid to Senior #Python Developers  https://t.co/AQyT3E0sPr #Recruitment,rebel_jobs,"Nottingham, England",2017-12-13 11:34:00,0
"RT @travelweekly: Tributes paid to former Thomas Cook director Ian Derbyshire:

Death follows coma since a brain haemorrhage in 2014

https‚Ä¶",walshdominic,London,2017-12-13 11:34:00,0
@beautyful_doc @glamourizes @realDonaldTrump Hahaha! We shouldn‚Äôt fault her; her brain isn‚Äôt fully developed yet.,Shannon34625862,,2017-12-13 11:34:00,0
"RT @GraniteGeek: The great article starts light and gets heavier as it goes, so you can quit when your brain is full.‚Ä¶ ",yon_wahyu,"Malang, city of dreams",2017-12-13 11:34:01,0
RT @GeorgiaDirtRoad: This was not Steve Bannon‚Äôs fault. This was the GOP Establishment‚Äôs fault who is hell bent on destroying their own‚Ä¶ ,ani_marie4,,2017-12-13 11:34:02,0
"Good morning donnie, @POTUS @realDonaldTrump . How's the wittle man with the itty bitty hands &amp; itty bitty brain this morning?",POTUSbaby_hands,The Palace of broken dreams,2017-12-13 11:34:02,0
Fold formation of the cerebral cortex requires FGF signaling in the mammalian brain - +GENERAL ...‚Ä¶ https://t.co/Z96PdKaKQx,genphys,Los Angeles,2017-12-13 11:34:02,0
@JohnJHarwood @jonward11 Alabama also has a brain drain issue; many of those young voters will be voting elsewhere in 20 years.,Shalhoop,ATL,2017-12-13 11:34:02,0
Fold formation of the cerebral cortex requires FGF signaling in the mammalian brain - +GENERAL ...‚Ä¶ https://t.co/waZQs0VKGP,genphys,Los Angeles,2017-12-13 11:34:02,0
RT @Fajeralwahabi: sleeping next to my notes hoping that it goes into my brain by osmosis,nonowaah_naa,Kuwait,2017-12-13 11:34:03,0
"RT @kurteichenwald: ...and the brain drain begins. Top American scientists from Harvard, Princeton etc. receiving research grants by ag‚Ä¶ ",TryChick,,2017-12-13 11:34:04,0
"Ice epidemic Queensland: How drug affects the human body - +GENERAL PHYSICS LABORATORY (GPL)

Ice ...

https://t.co/zoT0jxWHXO",genphys,Los Angeles,2017-12-13 11:34:05,0
RT @docmmiller: More research on the GUT-BRAIN axis - a Weird Feedback Loop Between Guts And Brains That Can Turn Deadly‚Ä¶ ,Burgwin,gibbons,2017-12-13 11:34:05,0
"RT @BIowingUpMinds: After you die, it is believed that you have 7 minutes of brain activity left inside you, and in the 7 minutes you e‚Ä¶ ",SalinaLorina,"Baytown, TX",2017-12-13 11:34:05,0
It happens when I haven't herd a favorite song in a while.Sometimes it takes me more in the moment when I first hea‚Ä¶ https://t.co/4Ql3gFcG0T,audibleivan,"Dallas, TX",2017-12-13 11:34:07,0
RT @NoHoesGeorge: when your last two brain cells meet https://t.co/w1OR29wT24,nolimitadxm,,2017-12-13 11:34:08,0
"RT @jpodhoretz: I mean, with a political brain like this, the GOP is sure to win every race now! https://t.co/YISryAgKsd",gooner4evr,,2017-12-13 11:34:08,0
I can't sleep because of the business I want to start. Why you're {brain} so active in bed?,joelleamado,Philippines,2017-12-13 11:34:09,0
RT @NoHoesGeorge: when your last two brain cells meet https://t.co/w1OR29wT24,trash_dono,middle of nowhere,2017-12-13 11:34:09,0
RT @Lmao: i WiLL LITERALLY GET ANXIETY BC OF IMAGINARY SCENARIOS I MADE UP IN MY HEAD THAT WON'T HAPPEN AND THEN GET ANXIETY‚Ä¶ ,ntonkneeyoh,,2017-12-13 11:34:10,0
"Brain damage ATM.
ü§Øü§Øü§Ø",RunDPress,"Dubai, United Arab Emirates",2017-12-13 11:34:10,0
"RT @stefsealy: @realDonaldTrump LMAO. The ""prophet"" #idiotinchief would have us believe he has a functioning brain AND the ability‚Ä¶ ",snwinder,,2017-12-13 11:34:11,0
RT @Fact: Eating chocolate makes you happy because it contains phenylephylamine - the same hormone the brain triggers when you fall in love.,that_hawtguy,‡§≤‡§æ‡§∏‡•ç‡§ü ‡§¨‡•á‡§Ç‡§ö,2017-12-13 11:34:11,0
Today it would seem my arms &amp; legs are filled with weights &amp; brain replaced with candy floss! Apologies for nonsens‚Ä¶ https://t.co/VI25devak4,crazypurplemama,"Derby, England",2017-12-13 11:34:12,0
RT @JameelHassan_: Lacrosse is a sport that we need to get more young black boys in.... same skill set as football WAY more scholarshi‚Ä¶ ,saharaa__,,2017-12-13 11:34:12,0
RT @GeorgiaDirtRoad: This was not Steve Bannon‚Äôs fault. This was the GOP Establishment‚Äôs fault who is hell bent on destroying their own‚Ä¶ ,DocAdams8404,"Maryland, USA",2017-12-13 11:34:13,0
@akrabat @DeskLodge @phpsw @GeeH Whoa üòçüòçüòç My brain is now desperately trying to figure out what would @phpsw need t‚Ä¶ https://t.co/N4hOeGMkUI,kasiazien,flickr.com/photos/ka_sia0,2017-12-13 11:34:13,0
"RT @jpodhoretz: I mean, with a political brain like this, the GOP is sure to win every race now! https://t.co/YISryAgKsd",JoeHig2,,2017-12-13 11:34:13,0
RT @zachht1: My last three brain cells on their way to ace my finals for me https://t.co/1w7LPU1AyF,alexis_ozbeth21,,2017-12-13 11:34:14,0
"RT @pyconpune: Are you subscribed to the PyCon Pune mailing list? If not, then join now for all the updates on the event.
https://t.co/xyfP‚Ä¶",kumar_pravin,Pune (India),2017-12-13 11:34:17,0
"Python Machine Learning Projects
‚òû https://t.co/ufMDK6iuSt
#MachineLearning
Sk7oZO0Wf https://t.co/TRjDHIWCyg",MachineLearnfan,United States,2017-12-13 11:34:17,0
"RT:  (Big_Data_4Y)Computer Programming For Beginners Learn Python Programming
‚òû  https://t.co/cG8cUssSlO

#Bigdata‚Ä¶ https://t.co/MwRv87JweL",AndySugs,"Lancs, NW England",2017-12-13 11:34:19,0
@War_ina_babylon @NIGERlAN @athantheophilus 12. Army Oppression (Python Dance),S_Toluwani,,2017-12-13 11:34:20,0
"Me lying in bed, ""ooh, I think I feel a bit better than yesterday, less brain fog. Oh hooray!"" Sit up, room instant‚Ä¶ https://t.co/uhI1HBdEkS",kirstymhall,"Hebden Bridge, Yorkshire",2017-12-13 11:34:21,0
I should study those course which is 100% coursework cause my brain is too dumb for study.,carmenn_jw,,2017-12-13 11:34:21,0
RT @BuryVenues: Our festive charity partner for #Prestwich Artisan Market is The Joshua Wilson Brain Tumour Charity @SuperJCharity‚Ä¶ ,MRGilray,Manchester,2017-12-13 11:34:21,0
@ItsAllGoodsy @VeIdahs @akaBltz @HavenKamel @MatSyla @woodsV_ @slicings @BreezeHome_ @KaraO89 I aint skin and bones‚Ä¶ https://t.co/jnWND4Zs2R,RepsCxnt,Villain/Ely/DC,2017-12-13 11:34:22,0
"RT @jpodhoretz: I mean, with a political brain like this, the GOP is sure to win every race now! https://t.co/YISryAgKsd",PalomaStovall,,2017-12-13 11:34:22,0
RT @NoHoesGeorge: when your last two brain cells meet https://t.co/w1OR29wT24,stanuriiz,multifandom,2017-12-13 11:34:24,0
"RT @itzwikipedia: Smiling, even in a bad mood, can immediately improve your mood because these muscles are enough to trigger happy chemical‚Ä¶",eiraadnan_,,2017-12-13 11:34:24,0
RT @JameelHassan_: Lacrosse is a sport that we need to get more young black boys in.... same skill set as football WAY more scholarshi‚Ä¶ ,Kaylaahhhh1,"Raleigh, NC",2017-12-13 11:34:25,0
"RT @akahcos: Holograms; Black Holes, The Brain, and Aural Accupuncture https://t.co/XIPb8Tsm0c https://t.co/m55ZA0VwKZ",ricardochomsky,,2017-12-13 11:34:25,0
"RT @radoc_jeana: The brain can be easy to buy, but the heart never comes to market. - James Russell Lowell
#ALDUBJustBeHappy",lynie1283,NY,2017-12-13 11:34:25,0
"RT @BIowingUpMinds: After you die, it is believed that you have 7 minutes of brain activity left inside you, and in the 7 minutes you e‚Ä¶ ",Nii_Ankasa,,2017-12-13 11:34:26,0
"@FoxNews @wjmcgurn linda are you for real,  wake up quit just listening to your masters and use your own brain with‚Ä¶ https://t.co/cVpC6TYaxa",Angry_Mammy,,2017-12-13 11:34:26,0
tfw you have insomnia and adhd and you're lying in bed trying to sleep and your brain is just screaming bored bored‚Ä¶ https://t.co/Ln12dg9xQA,Silviya77,she/her,2017-12-13 11:34:29,0
"RT @superjvniors: friend: you okay?
me: i‚Äôm fine
my brain: https://t.co/HeSRQxqEEe",eiqadooly,,2017-12-13 11:34:29,0
RT @faa1004: Tbh #BAP_HANDSUP stuck in my head faster than last cbs. Its either my brain improved or ofcourse BAP themselves üòÇüòÇ,sobstofu,,2017-12-13 11:34:30,0
